specialNote: ''
weekly:
  - day: Monday
    special: Closed
  - day: Tuesday
    open: 11 am
    close: 5 pm
  - day: Wednesday
    open: 1 pm
    close: 7 pm
  - day: Thursday
    open: 11 am
    close: 5 pm
  - day: Friday
    open: 11 am
    close: 5 pm
  - day: Saturday
    open: 11 am
    close: 5 pm
    special: ''
  - day: Sunday
    open: 1 pm
    close: 5 pm
exceptions:
  - date: 'September 2 – September 12, 2024 '
    name: Exhibition Turnover
    special: Closed for Exhibition Turnover
  - date: 'September 1, 2024'
    name: The day before Labor Day
    special: Closed
  - date: 'September 2, 2024'
    name: Labor Day
    special: Closed
  - date: 'October 14, 2024'
    name: Indigenous People’s Day
    special: Closed
  - date: 'November 11, 2024'
    name: Veteran’s Day
    special: Closed
  - date: 'November 27, 2024'
    name: The day before Thanksgiving
    special: Closed
  - date: 'November 28, 2024'
    name: Thanksgiving
    special: Closed
  - date: 'December 24, 2024'
    name: Christmas Eve
    special: Closed
  - date: 'December 25, 2024'
    name: Christmas Day
    special: Closed
